{
  "www.tutorialspoint.com": 45.699,
  "aodiihakmcjkkemjafibbafikdijkkeb": 38.78999999999999,
  "www.w3schools.com": 11.426,
  "www.youtube.com": 2.0860000000000003,
  "newtab": 9.59
}